Hari,Tanggal,Jam,Result
Sabtu,01/01/2022,13:00,4749
Sabtu,01/01/2022,22:00,8441
Sabtu,01/01/2022,19:00,4929
Selasa,01/02/2022,16:00,2854
Selasa,01/02/2022,13:00,3838
Selasa,01/02/2022,19:00,6346
Selasa,01/03/2022,16:00,3797
Selasa,01/03/2022,19:00,3053
Selasa,01/03/2022,22:00,2823
Selasa,01/03/2022,13:00,7660
Jumat,01/04/2022,13:00,1115
Jumat,01/04/2022,19:00,2621
Jumat,01/04/2022,22:00,8045
Jumat,01/04/2022,16:00,9845
Minggu,01/05/2022,22:00,6202
Minggu,01/05/2022,16:00,6307
Rabu,01/06/2022,19:00,3305
Rabu,01/06/2022,13:00,7535
Rabu,01/06/2022,16:00,2082
Rabu,01/06/2022,22:00,7431
Kamis,01/07/2021,19:00,7828
Kamis,01/07/2021,13:00,4781
Kamis,01/07/2021,16:00,9677
Jumat,01/07/2022,19:00,8975
Jumat,01/07/2022,13:00,7637
Jumat,01/07/2022,16:00,6967
Minggu,01/08/2021,16:00,6551
Minggu,01/08/2021,19:00,7306
Minggu,01/08/2021,13:00,6926
Senin,01/08/2022,13:00,1042
Senin,01/08/2022,19:00,4036
Senin,01/08/2022,22:00,3919
Rabu,01/09/2021,13:00,6435
Rabu,01/09/2021,19:00,7216
Rabu,01/09/2021,16:00,1063
Rabu,01/09/2021,22:00,5664
Jumat,01/10/2021,16:00,5140
Jumat,01/10/2021,19:00,8199
Jumat,01/10/2021,13:00,5115
Jumat,01/10/2021,22:00,9644
Senin,01/11/2021,13:00,4557
Senin,01/11/2021,19:00,8812
Senin,01/11/2021,22:00,8713
Senin,01/11/2021,16:00,2519
Rabu,01/12/2021,22:00,8966
Rabu,01/12/2021,13:00,1115
Rabu,01/12/2021,19:00,4424
Rabu,01/12/2021,16:00,3326
Minggu,02/01/2022,16:00,1916
Minggu,02/01/2022,19:00,8754
Minggu,02/01/2022,13:00,5422
Minggu,02/01/2022,22:00,9103
Rabu,02/02/2022,13:00,5013
Rabu,02/02/2022,22:00,8513
Rabu,02/02/2022,16:00,7522
Rabu,02/03/2022,19:00,8907
Rabu,02/03/2022,22:00,8789
Rabu,02/03/2022,13:00,2259
Rabu,02/03/2022,16:00,3399
Sabtu,02/04/2022,19:00,9510
Sabtu,02/04/2022,13:00,7593
Sabtu,02/04/2022,22:00,5716
Sabtu,02/04/2022,16:00,4530
Senin,02/05/2022,13:00,8133
Senin,02/05/2022,19:00,3952
Kamis,02/06/2022,13:00,3147
Kamis,02/06/2022,16:00,9360
Kamis,02/06/2022,19:00,7627
Jumat,02/07/2021,19:00,1999
Jumat,02/07/2021,22:00,4977
Jumat,02/07/2021,16:00,8983
Jumat,02/07/2021,13:00,5754
Sabtu,02/07/2022,13:00,8639
Sabtu,02/07/2022,19:00,9562
Sabtu,02/07/2022,16:00,4867
Sabtu,02/07/2022,22:00,3919
Senin,02/08/2021,13:00,7352
Senin,02/08/2021,16:00,6145
Senin,02/08/2021,19:00,7999
Senin,02/08/2021,22:00,4739
Selasa,02/08/2022,22:00,4455
Selasa,02/08/2022,19:00,1765
Kamis,02/09/2021,22:00,7391
Kamis,02/09/2021,19:00,3624
Kamis,02/09/2021,16:00,8304
Kamis,02/09/2021,13:00,6402
Sabtu,02/10/2021,16:00,7715
Sabtu,02/10/2021,13:00,2804
Sabtu,02/10/2021,22:00,7100
Sabtu,02/10/2021,19:00,3924
Selasa,02/11/2021,13:00,6825
Selasa,02/11/2021,16:00,3486
Selasa,02/11/2021,19:00,6888
Selasa,02/11/2021,22:00,4012
Kamis,02/12/2021,22:00,6065
Kamis,02/12/2021,16:00,1823
Kamis,02/12/2021,13:00,2752
Kamis,02/12/2021,19:00,2007
Senin,03/01/2022,19:00,2250
Senin,03/01/2022,16:00,1932
Senin,03/01/2022,22:00,1106
Senin,03/01/2022,13:00,1173
Kamis,03/02/2022,13:00,7440
Kamis,03/02/2022,19:00,2248
Kamis,03/02/2022,16:00,9387
Kamis,03/02/2022,22:00,2205
Kamis,03/03/2022,16:00,8065
Kamis,03/03/2022,22:00,4371
Kamis,03/03/2022,19:00,1140
Kamis,03/03/2022,13:00,2159
Minggu,03/04/2022,13:00,8716
Minggu,03/04/2022,16:00,6233
Minggu,03/04/2022,19:00,1707
Selasa,03/05/2022,19:00,3837
Selasa,03/05/2022,13:00,2091
Selasa,03/05/2022,22:00,8507
Selasa,03/05/2022,16:00,8286
Jumat,03/06/2022,22:00,3389
Jumat,03/06/2022,19:00,1776
Jumat,03/06/2022,16:00,6431
Jumat,03/06/2022,13:00,9411
Sabtu,03/07/2021,13:00,9577
Sabtu,03/07/2021,22:00,1306
Sabtu,03/07/2021,19:00,2910
Sabtu,03/07/2021,16:00,4368
Minggu,03/07/2022,22:00,9044
Minggu,03/07/2022,13:00,4076
Minggu,03/07/2022,19:00,4013
Minggu,03/07/2022,16:00,3659
Selasa,03/08/2021,19:00,6388
Selasa,03/08/2021,16:00,1512
Selasa,03/08/2021,22:00,6101
Selasa,03/08/2021,13:00,3135
Rabu,03/08/2022,13:00,2253
Rabu,03/08/2022,16:00,2057
Rabu,03/08/2022,19:00,4588
Rabu,03/08/2022,22:00,1545
Jumat,03/09/2021,13:00,3518
Jumat,03/09/2021,22:00,1005
Jumat,03/09/2021,19:00,1544
Jumat,03/09/2021,16:00,6952
Minggu,03/10/2021,22:00,3145
Minggu,03/10/2021,13:00,1275
Minggu,03/10/2021,16:00,3483
Rabu,03/11/2021,16:00,7785
Rabu,03/11/2021,22:00,8026
Rabu,03/11/2021,13:00,7006
Rabu,03/11/2021,19:00,8919
Jumat,03/12/2021,22:00,9001
Jumat,03/12/2021,13:00,2625
Selasa,04/01/2022,19:00,9666
Selasa,04/01/2022,22:00,4053
Selasa,04/01/2022,13:00,5816
Selasa,04/01/2022,16:00,4316
Jumat,04/02/2022,13:00,1256
Jumat,04/02/2022,19:00,3227
Jumat,04/02/2022,22:00,7243
Jumat,04/02/2022,16:00,2398
Jumat,04/03/2022,22:00,9795
Jumat,04/03/2022,19:00,3309
Jumat,04/03/2022,13:00,6222
Jumat,04/03/2022,16:00,5226
Senin,04/04/2022,22:00,6955
Senin,04/04/2022,13:00,5049
Senin,04/04/2022,19:00,4469
Senin,04/04/2022,16:00,7191
Rabu,04/05/2022,13:00,4774
Rabu,04/05/2022,22:00,6871
Rabu,04/05/2022,16:00,5484
Sabtu,04/06/2022,22:00,3485
Sabtu,04/06/2022,16:00,5209
Sabtu,04/06/2022,19:00,1039
Minggu,04/07/2021,19:00,9804
Minggu,04/07/2021,16:00,7852
Minggu,04/07/2021,22:00,7797
Minggu,04/07/2021,13:00,3695
Senin,04/07/2022,19:00,5459
Senin,04/07/2022,22:00,3625
Senin,04/07/2022,13:00,8071
Senin,04/07/2022,16:00,4790
Rabu,04/08/2021,22:00,1226
Rabu,04/08/2021,19:00,8666
Rabu,04/08/2021,16:00,2673
Rabu,04/08/2021,13:00,7056
Kamis,04/08/2022,19:00,7135
Kamis,04/08/2022,13:00,1333
Kamis,04/08/2022,16:00,9140
Kamis,04/08/2022,22:00,1684
Sabtu,04/09/2021,13:00,1776
Sabtu,04/09/2021,16:00,1418
Sabtu,04/09/2021,19:00,1228
Sabtu,04/09/2021,22:00,3169
Senin,04/10/2021,16:00,1484
Senin,04/10/2021,13:00,1329
Senin,04/10/2021,19:00,7764
Kamis,04/11/2021,19:00,8290
Kamis,04/11/2021,13:00,5856
Kamis,04/11/2021,22:00,5236
Sabtu,04/12/2021,16:00,4480
Sabtu,04/12/2021,22:00,7748
Sabtu,04/12/2021,13:00,4152
Rabu,05/01/2022,16:00,8928
Rabu,05/01/2022,19:00,1895
Rabu,05/01/2022,13:00,5805
Sabtu,05/02/2022,13:00,9920
Sabtu,05/02/2022,19:00,3489
Sabtu,05/02/2022,22:00,2159
Sabtu,05/02/2022,16:00,1011
Sabtu,05/03/2022,22:00,7853
Sabtu,05/03/2022,16:00,5181
Sabtu,05/03/2022,19:00,6625
Sabtu,05/03/2022,13:00,4181
Selasa,05/04/2022,22:00,8538
Selasa,05/04/2022,13:00,1677
Selasa,05/04/2022,16:00,5209
Selasa,05/04/2022,19:00,9024
Kamis,05/05/2022,16:00,7097
Kamis,05/05/2022,22:00,3120
Kamis,05/05/2022,19:00,9853
Minggu,05/06/2022,16:00,6974
Minggu,05/06/2022,13:00,2180
Minggu,05/06/2022,19:00,1222
Senin,05/07/2021,22:00,8327
Senin,05/07/2021,16:00,5606
Senin,05/07/2021,13:00,3695
Senin,05/07/2021,19:00,3854
Selasa,05/07/2022,13:00,2177
Selasa,05/07/2022,16:00,7806
Selasa,05/07/2022,22:00,5235
Kamis,05/08/2021,13:00,6639
Kamis,05/08/2021,16:00,1836
Kamis,05/08/2021,19:00,8884
Kamis,05/08/2021,22:00,9587
Jumat,05/08/2022,13:00,2921
Jumat,05/08/2022,19:00,1858
Jumat,05/08/2022,22:00,8540
Minggu,05/09/2021,22:00,2719
Minggu,05/09/2021,16:00,6869
Minggu,05/09/2021,19:00,9805
Minggu,05/09/2021,13:00,7437
Selasa,05/10/2021,16:00,1498
Selasa,05/10/2021,19:00,6769
Selasa,05/10/2021,13:00,6492
Selasa,05/10/2021,22:00,4057
Jumat,05/11/2021,19:00,3139
Jumat,05/11/2021,16:00,4595
Jumat,05/11/2021,13:00,8260
Jumat,05/11/2021,22:00,5310
Minggu,05/12/2021,16:00,7549
Minggu,05/12/2021,22:00,6290
Minggu,05/12/2021,19:00,5591
Kamis,06/01/2022,19:00,9494
Kamis,06/01/2022,22:00,4576
Kamis,06/01/2022,16:00,5342
Minggu,06/02/2022,19:00,1208
Minggu,06/02/2022,16:00,7092
Minggu,06/02/2022,22:00,7464
Minggu,06/02/2022,13:00,2205
Minggu,06/03/2022,16:00,5666
Minggu,06/03/2022,19:00,5961
Minggu,06/03/2022,22:00,2334
Minggu,06/03/2022,13:00,6350
Rabu,06/04/2022,16:00,5252
Rabu,06/04/2022,22:00,9842
Rabu,06/04/2022,19:00,7245
Jumat,06/05/2022,22:00,8066
Jumat,06/05/2022,16:00,4381
Jumat,06/05/2022,19:00,6015
Jumat,06/05/2022,13:00,3665
Senin,06/06/2022,13:00,2175
Senin,06/06/2022,16:00,9543
Senin,06/06/2022,19:00,9282
Senin,06/06/2022,22:00,9575
Selasa,06/07/2021,16:00,1165
Selasa,06/07/2021,13:00,9181
Selasa,06/07/2021,19:00,1606
Selasa,06/07/2021,22:00,2435
Rabu,06/07/2022,22:00,1457
Rabu,06/07/2022,16:00,7695
Jumat,06/08/2021,13:00,9719
Jumat,06/08/2021,19:00,7601
Jumat,06/08/2021,22:00,6455
Sabtu,06/08/2022,16:00,8971
Sabtu,06/08/2022,22:00,5447
Sabtu,06/08/2022,19:00,1995
Senin,06/09/2021,22:00,4948
Senin,06/09/2021,13:00,5144
Senin,06/09/2021,19:00,6681
Senin,06/09/2021,16:00,9599
Rabu,06/10/2021,22:00,3014
Rabu,06/10/2021,16:00,9210
Rabu,06/10/2021,19:00,6272
Sabtu,06/11/2021,22:00,2709
Sabtu,06/11/2021,19:00,9302
Senin,06/12/2021,13:00,6995
Senin,06/12/2021,16:00,2219
Senin,06/12/2021,22:00,2454
Jumat,07/01/2022,22:00,9543
Jumat,07/01/2022,13:00,2238
Jumat,07/01/2022,16:00,2786
Senin,07/02/2022,19:00,9783
Senin,07/02/2022,16:00,6493
Senin,07/02/2022,13:00,6406
Senin,07/02/2022,22:00,1482
Senin,07/03/2022,22:00,5528
Senin,07/03/2022,13:00,9796
Senin,07/03/2022,19:00,4634
Senin,07/03/2022,16:00,2344
Kamis,07/04/2022,16:00,8723
Kamis,07/04/2022,19:00,1375
Sabtu,07/05/2022,13:00,3049
Sabtu,07/05/2022,22:00,6741
Sabtu,07/05/2022,19:00,4664
Sabtu,07/05/2022,16:00,7047
Selasa,07/06/2022,19:00,6557
Selasa,07/06/2022,16:00,4377
Selasa,07/06/2022,13:00,9752
Selasa,07/06/2022,22:00,2059
Rabu,07/07/2021,13:00,5419
Rabu,07/07/2021,19:00,1827
Rabu,07/07/2021,16:00,7977
Kamis,07/07/2022,19:00,1880
Kamis,07/07/2022,16:00,3578
Kamis,07/07/2022,22:00,1105
Sabtu,07/08/2021,19:00,1330
Sabtu,07/08/2021,22:00,1855
Minggu,07/08/2022,19:00,6783
Minggu,07/08/2022,13:00,9531
Minggu,07/08/2022,16:00,5897
Minggu,07/08/2022,22:00,9116
Selasa,07/09/2021,16:00,3485
Selasa,07/09/2021,22:00,8454
Selasa,07/09/2021,19:00,4912
Selasa,07/09/2021,13:00,9514
Kamis,07/10/2021,19:00,9324
Kamis,07/10/2021,22:00,2295
Kamis,07/10/2021,16:00,5031
Kamis,07/10/2021,13:00,4170
Minggu,07/11/2021,16:00,4228
Minggu,07/11/2021,22:00,2073
Minggu,07/11/2021,19:00,4422
Selasa,07/12/2021,16:00,5015
Selasa,07/12/2021,19:00,9946
Selasa,07/12/2021,13:00,4279
Selasa,07/12/2021,22:00,2333
Sabtu,08/01/2022,16:00,9023
Sabtu,08/01/2022,13:00,1887
Sabtu,08/01/2022,22:00,1721
Selasa,08/02/2022,13:00,2947
Selasa,08/02/2022,22:00,6717
Selasa,08/02/2022,16:00,3435
Selasa,08/03/2022,13:00,4392
Selasa,08/03/2022,22:00,2259
Selasa,08/03/2022,16:00,5049
Selasa,08/03/2022,19:00,4742
Jumat,08/04/2022,16:00,9536
Jumat,08/04/2022,22:00,6519
Jumat,08/04/2022,13:00,8739
Jumat,08/04/2022,19:00,9903
Minggu,08/05/2022,22:00,3779
Minggu,08/05/2022,16:00,9981
Minggu,08/05/2022,19:00,6844
Minggu,08/05/2022,13:00,8858
Rabu,08/06/2022,13:00,1603
Rabu,08/06/2022,16:00,4574
Rabu,08/06/2022,22:00,9394
Kamis,08/07/2021,13:00,6002
Kamis,08/07/2021,22:00,8554
Kamis,08/07/2021,16:00,9480
Jumat,08/07/2022,22:00,7818
Jumat,08/07/2022,16:00,2450
Jumat,08/07/2022,19:00,4346
Minggu,08/08/2021,19:00,2974
Minggu,08/08/2021,13:00,3104
Minggu,08/08/2021,16:00,1843
Minggu,08/08/2021,22:00,4095
Senin,08/08/2022,13:00,9456
Senin,08/08/2022,22:00,8269
Senin,08/08/2022,16:00,4358
Senin,08/08/2022,19:00,2275
Rabu,08/09/2021,13:00,6373
Rabu,08/09/2021,19:00,1994
Rabu,08/09/2021,22:00,6796
Jumat,08/10/2021,13:00,4883
Jumat,08/10/2021,19:00,7572
Jumat,08/10/2021,16:00,3601
Jumat,08/10/2021,22:00,2283
Senin,08/11/2021,16:00,5287
Senin,08/11/2021,13:00,3495
Senin,08/11/2021,22:00,8972
Senin,08/11/2021,19:00,2862
Rabu,08/12/2021,13:00,2888
Rabu,08/12/2021,22:00,1874
Rabu,08/12/2021,19:00,7112
Minggu,09/01/2022,13:00,3600
Minggu,09/01/2022,22:00,9599
Minggu,09/01/2022,19:00,9061
Minggu,09/01/2022,16:00,5539
Rabu,09/02/2022,16:00,2800
Rabu,09/02/2022,22:00,6730
Rabu,09/02/2022,13:00,1283
Rabu,09/02/2022,19:00,3847
Rabu,09/03/2022,13:00,8081
Rabu,09/03/2022,22:00,2275
Rabu,09/03/2022,19:00,4212
Rabu,09/03/2022,16:00,1999
Sabtu,09/04/2022,16:00,1725
Sabtu,09/04/2022,19:00,2467
Senin,09/05/2022,19:00,4155
Senin,09/05/2022,13:00,2417
Senin,09/05/2022,22:00,7172
Senin,09/05/2022,16:00,1123
Kamis,09/06/2022,16:00,6656
Kamis,09/06/2022,22:00,4000
Kamis,09/06/2022,13:00,1346
Kamis,09/06/2022,19:00,1951
Jumat,09/07/2021,22:00,3999
Jumat,09/07/2021,16:00,1928
Jumat,09/07/2021,13:00,1535
Sabtu,09/07/2022,13:00,3092
Sabtu,09/07/2022,22:00,4132
Sabtu,09/07/2022,19:00,2331
Sabtu,09/07/2022,16:00,4801
Senin,09/08/2021,16:00,9691
Senin,09/08/2021,19:00,8886
Senin,09/08/2021,13:00,4208
Senin,09/08/2021,22:00,7427
Selasa,09/08/2022,16:00,4585
Selasa,09/08/2022,13:00,8308
Selasa,09/08/2022,22:00,4335
Selasa,09/08/2022,19:00,2912
Kamis,09/09/2021,19:00,9656
Kamis,09/09/2021,13:00,2024
Kamis,09/09/2021,22:00,2455
Kamis,09/09/2021,16:00,4817
Sabtu,09/10/2021,13:00,5155
Sabtu,09/10/2021,22:00,2146
Sabtu,09/10/2021,19:00,8333
Sabtu,09/10/2021,16:00,2233
Selasa,09/11/2021,13:00,9859
Selasa,09/11/2021,22:00,9028
Selasa,09/11/2021,16:00,8121
Selasa,09/11/2021,19:00,9080
Kamis,09/12/2021,13:00,9118
Kamis,09/12/2021,22:00,6049
Kamis,09/12/2021,16:00,4063
Sabtu,10/07/2021,16:00,1104
Sabtu,10/07/2021,13:00,8717
Minggu,10/07/2022,16:00,2137
Minggu,10/07/2022,13:00,2150
Minggu,10/07/2022,19:00,7634
Minggu,10/07/2022,22:00,2202
Selasa,10/08/2021,22:00,4540
Rabu,10/08/2022,19:00,9972
Rabu,10/08/2022,13:00,7923
Rabu,10/08/2022,16:00,7857
Rabu,10/08/2022,22:00,9954
Jumat,10/09/2021,13:00,9891
Jumat,10/09/2021,19:00,6164
Senin,10/1/2022,22:00,9829
Senin,10/1/2022,13:00,2081
Senin,10/1/2022,16:00,1217
Senin,10/1/2022,19:00,9061
Minggu,10/10/2021,22:00,6456
Minggu,10/10/2021,13:00,4736
Minggu,10/10/2021,16:00,6593
Minggu,10/10/2021,19:00,6800
Rabu,10/11/2021,16:00,7387
Rabu,10/11/2021,19:00,7161
Rabu,10/11/2021,13:00,8842
Jumat,10/12/2021,22:00,9328
Jumat,10/12/2021,16:00,1000
Jumat,10/12/2021,19:00,9575
Kamis,10/2/2022,19:00,4583
Kamis,10/2/2022,16:00,9170
Kamis,10/2/2022,13:00,5406
Kamis,10/2/2022,22:00,9557
Kamis,10/3/2022,16:00,9778
Kamis,10/3/2022,22:00,6500
Kamis,10/3/2022,13:00,9394
Kamis,10/3/2022,19:00,4271
Minggu,10/4/2022,22:00,2646
Minggu,10/4/2022,19:00,6220
Minggu,10/4/2022,16:00,3542
Minggu,10/4/2022,13:00,7307
Selasa,10/5/2022,13:00,8357
Selasa,10/5/2022,19:00,6271
Selasa,10/5/2022,16:00,5497
Selasa,10/5/2022,22:00,6323
Jumat,10/6/2022,22:00,3865
Jumat,10/6/2022,16:00,4560
Jumat,10/6/2022,13:00,4093
Jumat,10/6/2022,19:00,4346
Minggu,11/07/2021,16:00,6630
Minggu,11/07/2021,22:00,7541
Minggu,11/07/2021,13:00,8071
Minggu,11/07/2021,19:00,1199
Senin,11/07/2022,19:00,2013
Senin,11/07/2022,22:00,6640
Senin,11/07/2022,13:00,8778
Rabu,11/08/2021,16:00,1912
Rabu,11/08/2021,22:00,1555
Rabu,11/08/2021,19:00,4757
Rabu,11/08/2021,13:00,1271
Kamis,11/08/2022,22:00,3608
Kamis,11/08/2022,19:00,6974
Kamis,11/08/2022,16:00,7006
Kamis,11/08/2022,13:00,6255
Sabtu,11/09/2021,13:00,1353
Sabtu,11/09/2021,19:00,8548
Sabtu,11/09/2021,22:00,4229
Sabtu,11/09/2021,16:00,3486
Selasa,11/1/2022,19:00,4634
Selasa,11/1/2022,22:00,9932
Selasa,11/1/2022,13:00,5507
Selasa,11/1/2022,16:00,8730
Senin,11/10/2021,13:00,9137
Senin,11/10/2021,19:00,5074
Senin,11/10/2021,22:00,6754
Senin,11/10/2021,16:00,2561
Kamis,11/11/2021,19:00,9653
Kamis,11/11/2021,13:00,4925
Kamis,11/11/2021,16:00,1835
Kamis,11/11/2021,22:00,3090
Sabtu,11/12/2021,16:00,2709
Sabtu,11/12/2021,22:00,3661
Sabtu,11/12/2021,13:00,7612
Sabtu,11/12/2021,19:00,3510
Jumat,11/2/2022,19:00,6817
Jumat,11/2/2022,22:00,4919
Jumat,11/2/2022,16:00,6019
Jumat,11/2/2022,13:00,7500
Jumat,11/3/2022,13:00,5802
Jumat,11/3/2022,22:00,8575
Jumat,11/3/2022,19:00,4082
Senin,11/4/2022,13:00,9317
Senin,11/4/2022,16:00,2122
Senin,11/4/2022,19:00,6818
Senin,11/4/2022,22:00,2645
Rabu,11/5/2022,19:00,8593
Rabu,11/5/2022,22:00,8600
Rabu,11/5/2022,16:00,1545
Rabu,11/5/2022,13:00,5380
Sabtu,11/6/2022,16:00,4824
Sabtu,11/6/2022,19:00,5438
Senin,12/07/2021,22:00,8402
Senin,12/07/2021,13:00,3216
Senin,12/07/2021,19:00,5948
Senin,12/07/2021,16:00,7879
Selasa,12/07/2022,16:00,7021
Selasa,12/07/2022,19:00,1178
Selasa,12/07/2022,22:00,5776
Selasa,12/07/2022,13:00,8256
Kamis,12/08/2021,22:00,9512
Kamis,12/08/2021,19:00,6803
Kamis,12/08/2021,16:00,7640
Kamis,12/08/2021,13:00,7598
Jumat,12/08/2022,19:00,6563
Jumat,12/08/2022,16:00,7797
Jumat,12/08/2022,13:00,3788
Jumat,12/08/2022,22:00,2114
Minggu,12/09/2021,22:00,3809
Minggu,12/09/2021,13:00,9043
Minggu,12/09/2021,16:00,3067
Minggu,12/09/2021,19:00,7991
Rabu,12/1/2022,22:00,1530
Rabu,12/1/2022,19:00,5897
Rabu,12/1/2022,13:00,2812
Rabu,12/1/2022,16:00,9219
Selasa,12/10/2021,19:00,8082
Selasa,12/10/2021,13:00,1876
Selasa,12/10/2021,22:00,9220
Jumat,12/11/2021,16:00,4914
Jumat,12/11/2021,22:00,6163
Jumat,12/11/2021,19:00,2021
Jumat,12/11/2021,13:00,1439
Minggu,12/12/2021,19:00,9880
Minggu,12/12/2021,22:00,9376
Minggu,12/12/2021,16:00,3216
Minggu,12/12/2021,13:00,8984
Sabtu,12/2/2022,22:00,6882
Sabtu,12/2/2022,19:00,9278
Sabtu,12/2/2022,16:00,9468
Sabtu,12/2/2022,13:00,9607
Sabtu,12/3/2022,22:00,7381
Sabtu,12/3/2022,16:00,6117
Sabtu,12/3/2022,19:00,2152
Sabtu,12/3/2022,13:00,7335
Selasa,12/4/2022,16:00,8004
Selasa,12/4/2022,13:00,5979
Selasa,12/4/2022,22:00,7430
Kamis,12/5/2022,19:00,2667
Kamis,12/5/2022,22:00,4542
Kamis,12/5/2022,13:00,1567
Kamis,12/5/2022,16:00,3225
Minggu,12/6/2022,13:00,8922
Minggu,12/6/2022,16:00,2757
Minggu,12/6/2022,22:00,6690
Selasa,13/07/2021,22:00,7419
Selasa,13/07/2021,16:00,5201
Selasa,13/07/2021,19:00,2053
Rabu,13/07/2022,19:00,9624
Rabu,13/07/2022,22:00,7982
Rabu,13/07/2022,16:00,3948
Jumat,13/08/2021,13:00,3128
Jumat,13/08/2021,19:00,7304
Jumat,13/08/2021,22:00,7828
Jumat,13/08/2021,16:00,1339
Sabtu,13/08/2022,13:00,6244
Sabtu,13/08/2022,22:00,7698
Sabtu,13/08/2022,19:00,3977
Senin,13/09/2021,16:00,7923
Senin,13/09/2021,19:00,5745
Senin,13/09/2021,22:00,4552
Senin,13/09/2021,13:00,7212
Kamis,13/1/2022,13:00,6613
Kamis,13/1/2022,22:00,5077
Kamis,13/1/2022,19:00,1371
Rabu,13/10/2021,16:00,5846
Rabu,13/10/2021,13:00,1284
Rabu,13/10/2021,22:00,7198
Rabu,13/10/2021,19:00,7759
Sabtu,13/11/2021,16:00,2760
Sabtu,13/11/2021,22:00,3946
Sabtu,13/11/2021,13:00,4080
Sabtu,13/11/2021,19:00,4513
Senin,13/12/2021,13:00,9814
Senin,13/12/2021,16:00,3538
Senin,13/12/2021,22:00,9359
Senin,13/12/2021,19:00,1049
Minggu,13/2/2022,22:00,2738
Minggu,13/2/2022,19:00,3549
Minggu,13/2/2022,13:00,3128
Minggu,13/3/2022,13:00,9732
Minggu,13/3/2022,16:00,9497
Minggu,13/3/2022,19:00,1980
Minggu,13/3/2022,22:00,1848
Rabu,13/4/2022,22:00,9757
Rabu,13/4/2022,13:00,5299
Rabu,13/4/2022,16:00,1247
Rabu,13/4/2022,19:00,3815
Jumat,13/5/2022,22:00,2477
Jumat,13/5/2022,19:00,2141
Jumat,13/5/2022,16:00,5980
Jumat,13/5/2022,13:00,4155
Senin,13/6/2022,13:00,3187
Senin,13/6/2022,22:00,1992
Senin,13/6/2022,16:00,4396
Senin,13/6/2022,19:00,7918
Rabu,14/07/2021,19:00,1385
Rabu,14/07/2021,22:00,1342
Rabu,14/07/2021,16:00,5122
Rabu,14/07/2021,13:00,3672
Kamis,14/07/2022,22:00,9800
Kamis,14/07/2022,19:00,3206
Kamis,14/07/2022,16:00,5911
Sabtu,14/08/2021,22:00,9692
Sabtu,14/08/2021,16:00,7373
Sabtu,14/08/2021,13:00,4228
Sabtu,14/08/2021,19:00,8641
Minggu,14/08/2022,16:00,3009
Minggu,14/08/2022,19:00,1623
Minggu,14/08/2022,22:00,5795
Minggu,14/08/2022,13:00,8829
Selasa,14/09/2021,13:00,1030
Selasa,14/09/2021,22:00,3912
Selasa,14/09/2021,19:00,7317
Jumat,14/1/2022,22:00,6825
Jumat,14/1/2022,16:00,1904
Jumat,14/1/2022,13:00,1041
Jumat,14/1/2022,19:00,3051
Kamis,14/10/2021,22:00,8447
Kamis,14/10/2021,13:00,2508
Kamis,14/10/2021,16:00,4267
Kamis,14/10/2021,19:00,8687
Minggu,14/11/2021,19:00,2174
Minggu,14/11/2021,22:00,6153
Minggu,14/11/2021,13:00,4465
Selasa,14/12/2021,19:00,8788
Selasa,14/12/2021,22:00,8304
Selasa,14/12/2021,16:00,6791
Senin,14/2/2022,13:00,3176
Senin,14/2/2022,22:00,7112
Senin,14/2/2022,16:00,7219
Senin,14/2/2022,19:00,2075
Senin,14/3/2022,16:00,2686
Senin,14/3/2022,19:00,4168
Kamis,14/4/2022,16:00,8717
Kamis,14/4/2022,13:00,6757
Kamis,14/4/2022,19:00,9395
Sabtu,14/5/2022,16:00,5078
Sabtu,14/5/2022,22:00,9645
Sabtu,14/5/2022,19:00,2990
Selasa,14/6/2022,16:00,5805
Selasa,14/6/2022,13:00,8938
Selasa,14/6/2022,22:00,8338
Kamis,15/07/2021,13:00,5350
Kamis,15/07/2021,19:00,2763
Kamis,15/07/2021,22:00,9230
Jumat,15/07/2022,16:00,8541
Jumat,15/07/2022,19:00,4416
Jumat,15/07/2022,13:00,2748
Jumat,15/07/2022,22:00,6893
Minggu,15/08/2021,13:00,1407
Minggu,15/08/2021,19:00,9677
Minggu,15/08/2021,22:00,3096
Minggu,15/08/2021,16:00,2857
Senin,15/08/2022,22:00,7391
Senin,15/08/2022,13:00,3461
Senin,15/08/2022,19:00,8492
Rabu,15/09/2021,19:00,5348
Rabu,15/09/2021,13:00,2768
Rabu,15/09/2021,22:00,3204
Sabtu,15/1/2022,16:00,1634
Sabtu,15/1/2022,13:00,2436
Sabtu,15/1/2022,22:00,9317
Jumat,15/10/2021,13:00,1854
Jumat,15/10/2021,16:00,5813
Jumat,15/10/2021,22:00,7981
Jumat,15/10/2021,19:00,3523
Senin,15/11/2021,19:00,6022
Senin,15/11/2021,16:00,5515
Senin,15/11/2021,22:00,2343
Senin,15/11/2021,13:00,3287
Rabu,15/12/2021,16:00,5563
Rabu,15/12/2021,13:00,6907
Rabu,15/12/2021,19:00,1914
Rabu,15/12/2021,22:00,1754
Selasa,15/2/2022,22:00,6172
Selasa,15/2/2022,13:00,8038
Selasa,15/2/2022,19:00,3151
Selasa,15/3/2022,16:00,8314
Selasa,15/3/2022,13:00,7653
Selasa,15/3/2022,19:00,9569
Jumat,15/4/2022,19:00,7170
Jumat,15/4/2022,16:00,1044
Jumat,15/4/2022,22:00,8167
Jumat,15/4/2022,13:00,8712
Minggu,15/5/2022,13:00,4800
Minggu,15/5/2022,19:00,5916
Minggu,15/5/2022,22:00,4463
Rabu,15/6/2022,19:00,9777
Rabu,15/6/2022,16:00,7279
Jumat,16/07/2021,22:00,7994
Jumat,16/07/2021,13:00,3511
Jumat,16/07/2021,16:00,1063
Jumat,16/07/2021,19:00,4597
Sabtu,16/07/2022,16:00,6108
Sabtu,16/07/2022,19:00,9250
Sabtu,16/07/2022,13:00,7805
Senin,16/08/2021,16:00,5216
Senin,16/08/2021,22:00,2353
Senin,16/08/2021,13:00,8271
Selasa,16/08/2022,22:00,8703
Selasa,16/08/2022,13:00,5319
Selasa,16/08/2022,19:00,7149
Selasa,16/08/2022,16:00,5331
Kamis,16/09/2021,19:00,1580
Kamis,16/09/2021,22:00,9763
Kamis,16/09/2021,16:00,9335
Kamis,16/09/2021,13:00,5740
Minggu,16/1/2022,13:00,1328
Minggu,16/1/2022,16:00,1653
Minggu,16/1/2022,22:00,9675
Sabtu,16/10/2021,16:00,7054
Sabtu,16/10/2021,13:00,7146
Selasa,16/11/2021,19:00,1271
Selasa,16/11/2021,13:00,4878
Selasa,16/11/2021,22:00,4176
Selasa,16/11/2021,16:00,5455
Kamis,16/12/2021,19:00,1521
Kamis,16/12/2021,13:00,2203
Kamis,16/12/2021,16:00,3049
Kamis,16/12/2021,22:00,2847
Rabu,16/2/2022,16:00,9152
Rabu,16/2/2022,13:00,3659
Rabu,16/2/2022,19:00,4629
Rabu,16/2/2022,22:00,9919
Rabu,16/3/2022,22:00,8479
Rabu,16/3/2022,16:00,5891
Rabu,16/3/2022,13:00,7779
Rabu,16/3/2022,19:00,4046
Sabtu,16/4/2022,16:00,8640
Sabtu,16/4/2022,13:00,5067
Sabtu,16/4/2022,19:00,9447
Sabtu,16/4/2022,22:00,8624
Senin,16/5/2022,16:00,3814
Senin,16/5/2022,19:00,6867
Senin,16/5/2022,13:00,6260
Senin,16/5/2022,22:00,9341
Kamis,16/6/2022,19:00,3393
Kamis,16/6/2022,16:00,7777
Kamis,16/6/2022,22:00,3226
Kamis,16/6/2022,13:00,5998
Sabtu,17/07/2021,13:00,2200
Sabtu,17/07/2021,22:00,1812
Sabtu,17/07/2021,16:00,7299
Sabtu,17/07/2021,19:00,1626
Minggu,17/07/2022,16:00,8555
Minggu,17/07/2022,22:00,5504
Selasa,17/08/2021,22:00,7620
Selasa,17/08/2021,19:00,3318
Selasa,17/08/2021,13:00,4631
Rabu,17/08/2022,22:00,8429
Rabu,17/08/2022,13:00,2940
Rabu,17/08/2022,19:00,7462
Rabu,17/08/2022,16:00,3268
Jumat,17/09/2021,16:00,9526
Jumat,17/09/2021,13:00,1075
Jumat,17/09/2021,22:00,2396
Jumat,17/09/2021,19:00,8661
Senin,17/1/2022,22:00,6621
Senin,17/1/2022,19:00,8860
Senin,17/1/2022,13:00,8267
Senin,17/1/2022,16:00,2658
Minggu,17/10/2021,16:00,6725
Minggu,17/10/2021,22:00,3514
Minggu,17/10/2021,13:00,5893
Minggu,17/10/2021,19:00,7179
Rabu,17/11/2021,13:00,9243
Rabu,17/11/2021,16:00,4494
Rabu,17/11/2021,22:00,3019
Jumat,17/12/2021,16:00,6400
Jumat,17/12/2021,13:00,3194
Jumat,17/12/2021,22:00,1428
Jumat,17/12/2021,19:00,6400
Kamis,17/2/2022,19:00,5650
Kamis,17/2/2022,13:00,2947
Kamis,17/2/2022,16:00,4857
Kamis,17/2/2022,22:00,6985
Kamis,17/3/2022,16:00,5797
Kamis,17/3/2022,22:00,9490
Kamis,17/3/2022,19:00,9088
Kamis,17/3/2022,13:00,8430
Minggu,17/4/2022,22:00,9101
Minggu,17/4/2022,19:00,5146
Minggu,17/4/2022,13:00,2620
Minggu,17/4/2022,16:00,7096
Selasa,17/5/2022,13:00,8472
Selasa,17/5/2022,16:00,7325
Selasa,17/5/2022,22:00,8333
Jumat,17/6/2022,22:00,7809
Jumat,17/6/2022,13:00,1092
Jumat,17/6/2022,19:00,7596
Jumat,17/6/2022,16:00,1226
Minggu,18/07/2021,13:00,4098
Minggu,18/07/2021,16:00,5873
Minggu,18/07/2021,19:00,9597
Senin,18/07/2022,13:00,1605
Senin,18/07/2022,16:00,3872
Senin,18/07/2022,22:00,5913
Senin,18/07/2022,19:00,6642
Rabu,18/08/2021,16:00,7669
Rabu,18/08/2021,13:00,9519
Rabu,18/08/2021,19:00,7567
Sabtu,18/09/2021,16:00,8199
Sabtu,18/09/2021,19:00,3241
Sabtu,18/09/2021,13:00,3036
Selasa,18/1/2022,19:00,7564
Selasa,18/1/2022,22:00,8485
Selasa,18/1/2022,13:00,1580
Senin,18/10/2021,22:00,4604
Senin,18/10/2021,16:00,3563
Senin,18/10/2021,19:00,5772
Senin,18/10/2021,13:00,8757
Kamis,18/11/2021,19:00,6685
Kamis,18/11/2021,22:00,5560
Kamis,18/11/2021,16:00,7142
Kamis,18/11/2021,13:00,7029
Sabtu,18/12/2021,19:00,7677
Sabtu,18/12/2021,16:00,7051
Sabtu,18/12/2021,13:00,7337
Sabtu,18/12/2021,22:00,9981
Jumat,18/2/2022,19:00,2310
Jumat,18/2/2022,13:00,7745
Jumat,18/2/2022,16:00,1367
Jumat,18/2/2022,22:00,8644
Jumat,18/3/2022,22:00,8925
Jumat,18/3/2022,13:00,7594
Jumat,18/3/2022,16:00,7336
Jumat,18/3/2022,19:00,7589
Senin,18/4/2022,13:00,8998
Senin,18/4/2022,16:00,8390
Senin,18/4/2022,22:00,8440
Senin,18/4/2022,19:00,6300
Rabu,18/5/2022,19:00,4531
Rabu,18/5/2022,13:00,9422
Rabu,18/5/2022,16:00,2390
Rabu,18/5/2022,22:00,1239
Sabtu,18/6/2022,13:00,4111
Sabtu,18/6/2022,16:00,1272
Sabtu,18/6/2022,19:00,7191
Sabtu,18/6/2022,22:00,8590
Senin,19/07/2021,22:00,3035
Senin,19/07/2021,19:00,6993
Senin,19/07/2021,13:00,1580
Senin,19/07/2021,16:00,8166
Selasa,19/07/2022,22:00,5085
Selasa,19/07/2022,19:00,9117
Selasa,19/07/2022,13:00,3604
Selasa,19/07/2022,16:00,8038
Kamis,19/08/2021,19:00,6111
Kamis,19/08/2021,16:00,9715
Kamis,19/08/2021,22:00,8418
Kamis,19/08/2021,13:00,7412
Minggu,19/09/2021,22:00,6125
Minggu,19/09/2021,16:00,5491
Minggu,19/09/2021,13:00,9542
Rabu,19/1/2022,22:00,9940
Rabu,19/1/2022,19:00,8307
Rabu,19/1/2022,16:00,7429
Rabu,19/1/2022,13:00,2952
Selasa,19/10/2021,13:00,9398
Selasa,19/10/2021,22:00,3194
Selasa,19/10/2021,16:00,4983
Selasa,19/10/2021,19:00,4023
Jumat,19/11/2021,16:00,6150
Jumat,19/11/2021,19:00,5664
Jumat,19/11/2021,22:00,2554
Minggu,19/12/2021,16:00,9387
Minggu,19/12/2021,22:00,6222
Minggu,19/12/2021,19:00,3097
Minggu,19/12/2021,13:00,6749
Sabtu,19/2/2022,13:00,9096
Sabtu,19/2/2022,16:00,4697
Sabtu,19/2/2022,19:00,1909
Sabtu,19/3/2022,16:00,3628
Sabtu,19/3/2022,19:00,5879
Sabtu,19/3/2022,22:00,9264
Selasa,19/4/2022,16:00,4999
Selasa,19/4/2022,22:00,6532
Selasa,19/4/2022,13:00,9556
Selasa,19/4/2022,19:00,5128
Kamis,19/5/2022,19:00,1663
Kamis,19/5/2022,16:00,2495
Kamis,19/5/2022,13:00,4554
Kamis,19/5/2022,22:00,6422
Minggu,19/6/2022,22:00,2575
Minggu,19/6/2022,19:00,5852
Minggu,19/6/2022,16:00,2881
Minggu,19/6/2022,13:00,3488
Selasa,20/07/2021,19:00,2210
Selasa,20/07/2021,22:00,4480
Selasa,20/07/2021,16:00,3052
Selasa,20/07/2021,13:00,4066
Rabu,20/07/2022,22:00,1950
Rabu,20/07/2022,16:00,4030
Rabu,20/07/2022,19:00,2672
Rabu,20/07/2022,13:00,8375
Jumat,20/08/2021,13:00,9624
Jumat,20/08/2021,19:00,5269
Jumat,20/08/2021,16:00,8115
Senin,20/09/2021,16:00,8101
Senin,20/09/2021,22:00,1839
Senin,20/09/2021,19:00,9790
Senin,20/09/2021,13:00,9390
Kamis,20/1/2022,13:00,5791
Kamis,20/1/2022,22:00,3384
Kamis,20/1/2022,16:00,1165
Rabu,20/10/2021,19:00,1540
Rabu,20/10/2021,13:00,2239
Rabu,20/10/2021,22:00,6834
Sabtu,20/11/2021,16:00,6155
Sabtu,20/11/2021,13:00,3180
Sabtu,20/11/2021,22:00,4025
Senin,20/12/2021,13:00,3545
Senin,20/12/2021,16:00,6942
Minggu,20/2/2022,13:00,3963
Minggu,20/2/2022,22:00,8382
Minggu,20/2/2022,19:00,1322
Minggu,20/2/2022,16:00,1854
Minggu,20/3/2022,19:00,6880
Minggu,20/3/2022,22:00,5682
Minggu,20/3/2022,16:00,6990
Rabu,20/4/2022,13:00,3579
Rabu,20/4/2022,16:00,1731
Rabu,20/4/2022,19:00,5054
Rabu,20/4/2022,22:00,8685
Jumat,20/5/2022,16:00,4171
Jumat,20/5/2022,19:00,1726
Jumat,20/5/2022,13:00,8945
Jumat,20/5/2022,22:00,5026
Senin,20/6/2022,13:00,6348
Senin,20/6/2022,19:00,2258
Senin,20/6/2022,22:00,4299
Rabu,21/07/2021,16:00,6280
Rabu,21/07/2021,22:00,6780
Rabu,21/07/2021,19:00,5295
Kamis,21/07/2022,16:00,9636
Kamis,21/07/2022,19:00,3590
Kamis,21/07/2022,13:00,3104
Sabtu,21/08/2021,13:00,9165
Sabtu,21/08/2021,22:00,3383
Sabtu,21/08/2021,16:00,4049
Sabtu,21/08/2021,19:00,2326
Selasa,21/09/2021,16:00,5351
Selasa,21/09/2021,19:00,5366
Selasa,21/09/2021,13:00,6885
Selasa,21/09/2021,22:00,7738
Jumat,21/1/2022,19:00,7097
Jumat,21/1/2022,13:00,4231
Jumat,21/1/2022,22:00,7388
Kamis,21/10/2021,22:00,1749
Kamis,21/10/2021,13:00,1893
Kamis,21/10/2021,19:00,3770
Minggu,21/11/2021,13:00,2258
Minggu,21/11/2021,19:00,7693
Minggu,21/11/2021,22:00,1214
Selasa,21/12/2021,19:00,8479
Selasa,21/12/2021,22:00,1585
Selasa,21/12/2021,13:00,3080
Selasa,21/12/2021,16:00,1526
Senin,21/2/2022,19:00,6701
Senin,21/2/2022,13:00,2821
Senin,21/2/2022,16:00,9310
Senin,21/2/2022,22:00,4083
Senin,21/3/2022,16:00,7717
Senin,21/3/2022,22:00,7865
Senin,21/3/2022,13:00,4899
Senin,21/3/2022,19:00,1245
Kamis,21/4/2022,16:00,8502
Kamis,21/4/2022,19:00,3775
Kamis,21/4/2022,13:00,1433
Sabtu,21/5/2022,13:00,1248
Sabtu,21/5/2022,19:00,7983
Sabtu,21/5/2022,22:00,9554
Selasa,21/6/2022,22:00,7524
Selasa,21/6/2022,16:00,8635
Selasa,21/6/2022,19:00,2312
Kamis,22/07/2021,19:00,6105
Kamis,22/07/2021,22:00,9018
Kamis,22/07/2021,16:00,9829
Kamis,22/07/2021,13:00,8676
Jumat,22/07/2022,13:00,8307
Jumat,22/07/2022,22:00,5368
Jumat,22/07/2022,19:00,9427
Jumat,22/07/2022,16:00,6143
Minggu,22/08/2021,13:00,1137
Minggu,22/08/2021,19:00,9508
Minggu,22/08/2021,22:00,6741
Rabu,22/09/2021,22:00,9339
Rabu,22/09/2021,16:00,9216
Rabu,22/09/2021,13:00,7181
Rabu,22/09/2021,19:00,4313
Sabtu,22/1/2022,22:00,5728
Sabtu,22/1/2022,16:00,2459
Sabtu,22/1/2022,13:00,8361
Sabtu,22/1/2022,19:00,9382
Jumat,22/10/2021,13:00,5475
Jumat,22/10/2021,22:00,2427
Jumat,22/10/2021,16:00,8860
Senin,22/11/2021,13:00,8565
Senin,22/11/2021,19:00,9260
Senin,22/11/2021,22:00,9241
Rabu,22/12/2021,16:00,7124
Rabu,22/12/2021,22:00,2513
Rabu,22/12/2021,13:00,3979
Rabu,22/12/2021,19:00,7493
Selasa,22/2/2022,19:00,9389
Selasa,22/2/2022,16:00,7825
Selasa,22/2/2022,13:00,6032
Selasa,22/3/2022,19:00,4676
Selasa,22/3/2022,22:00,8867
Selasa,22/3/2022,16:00,8438
Selasa,22/3/2022,13:00,6655
Jumat,22/4/2022,19:00,5595
Jumat,22/4/2022,13:00,9664
Jumat,22/4/2022,22:00,1901
Jumat,22/4/2022,16:00,3738
Minggu,22/5/2022,13:00,6942
Minggu,22/5/2022,19:00,4886
Minggu,22/5/2022,16:00,6764
Rabu,22/6/2022,22:00,5695
Rabu,22/6/2022,19:00,6228
Rabu,22/6/2022,16:00,7600
Rabu,22/6/2022,13:00,4357
Jumat,23/07/2021,13:00,6719
Jumat,23/07/2021,19:00,6501
Jumat,23/07/2021,22:00,7660
Sabtu,23/07/2022,22:00,2722
Sabtu,23/07/2022,13:00,7752
Sabtu,23/07/2022,19:00,5410
Senin,23/08/2021,22:00,3507
Senin,23/08/2021,16:00,7580
Senin,23/08/2021,19:00,6485
Kamis,23/09/2021,16:00,4895
Kamis,23/09/2021,19:00,1888
Kamis,23/09/2021,13:00,1780
Minggu,23/1/2022,22:00,4163
Minggu,23/1/2022,16:00,7271
Minggu,23/1/2022,19:00,3315
Sabtu,23/10/2021,13:00,6637
Sabtu,23/10/2021,22:00,7745
Sabtu,23/10/2021,16:00,9948
Selasa,23/11/2021,19:00,5754
Selasa,23/11/2021,22:00,1557
Selasa,23/11/2021,16:00,4419
Kamis,23/12/2021,22:00,4434
Kamis,23/12/2021,13:00,8439
Kamis,23/12/2021,19:00,3812
Rabu,23/2/2022,13:00,5571
Rabu,23/2/2022,19:00,2861
Rabu,23/2/2022,16:00,5364
Rabu,23/2/2022,22:00,6619
Rabu,23/3/2022,16:00,9446
Rabu,23/3/2022,13:00,1145
Rabu,23/3/2022,22:00,7138
Rabu,23/3/2022,19:00,2036
Sabtu,23/4/2022,16:00,6096
Sabtu,23/4/2022,19:00,2358
Sabtu,23/4/2022,13:00,9401
Senin,23/5/2022,22:00,1018
Senin,23/5/2022,16:00,9669
Senin,23/5/2022,19:00,7021
Senin,23/5/2022,13:00,2037
Kamis,23/6/2022,16:00,1671
Kamis,23/6/2022,19:00,6980
Kamis,23/6/2022,13:00,5149
Kamis,23/6/2022,22:00,3833
Sabtu,24/07/2021,13:00,1457
Sabtu,24/07/2021,16:00,3997
Sabtu,24/07/2021,19:00,8098
Sabtu,24/07/2021,22:00,9614
Minggu,24/07/2022,22:00,8029
Minggu,24/07/2022,13:00,7397
Minggu,24/07/2022,16:00,5346
Selasa,24/08/2021,16:00,7421
Selasa,24/08/2021,19:00,4719
Selasa,24/08/2021,22:00,2228
Selasa,24/08/2021,13:00,3184
Jumat,24/09/2021,13:00,3947
Jumat,24/09/2021,19:00,7452
Jumat,24/09/2021,16:00,5482
Jumat,24/09/2021,22:00,4339
Senin,24/1/2022,16:00,9784
Senin,24/1/2022,22:00,9097
Senin,24/1/2022,13:00,3502
Senin,24/1/2022,19:00,8341
Minggu,24/10/2021,16:00,9252
Minggu,24/10/2021,13:00,5910
Minggu,24/10/2021,19:00,9498
Minggu,24/10/2021,22:00,1800
Rabu,24/11/2021,13:00,5682
Rabu,24/11/2021,22:00,3151
Rabu,24/11/2021,16:00,7896
Jumat,24/12/2021,13:00,5517
Jumat,24/12/2021,16:00,6147
Jumat,24/12/2021,19:00,3317
Kamis,24/2/2022,16:00,4758
Kamis,24/2/2022,22:00,8413
Kamis,24/2/2022,13:00,6869
Kamis,24/2/2022,19:00,8346
Kamis,24/3/2022,13:00,6936
Kamis,24/3/2022,19:00,5797
Kamis,24/3/2022,22:00,6545
Kamis,24/3/2022,16:00,4785
Minggu,24/4/2022,13:00,2660
Minggu,24/4/2022,22:00,8047
Selasa,24/5/2022,16:00,5291
Selasa,24/5/2022,22:00,8495
Selasa,24/5/2022,19:00,9525
Selasa,24/5/2022,13:00,7213
Jumat,24/6/2022,19:00,6648
Jumat,24/6/2022,13:00,3790
Jumat,24/6/2022,22:00,9187
Minggu,25/07/2021,13:00,9596
Minggu,25/07/2021,19:00,6114
Minggu,25/07/2021,16:00,3631
Minggu,25/07/2021,22:00,8128
Senin,25/07/2022,22:00,2471
Senin,25/07/2022,16:00,8457
Senin,25/07/2022,19:00,6759
Senin,25/07/2022,13:00,1236
Rabu,25/08/2021,19:00,9356
Rabu,25/08/2021,13:00,4315
Rabu,25/08/2021,16:00,6630
Rabu,25/08/2021,22:00,3733
Sabtu,25/09/2021,19:00,3303
Sabtu,25/09/2021,16:00,1726
Sabtu,25/09/2021,22:00,7162
Sabtu,25/09/2021,13:00,1594
selasa,25/1/2022,22:00,9250
selasa,25/1/2022,13:00,3287
selasa,25/1/2022,19:00,8365
selasa,25/1/2022,16:00,5986
Senin,25/10/2021,13:00,5364
Senin,25/10/2021,19:00,3213
Senin,25/10/2021,16:00,5593
Senin,25/10/2021,22:00,1644
Kamis,25/11/2021,13:00,2713
Kamis,25/11/2021,16:00,1042
Kamis,25/11/2021,22:00,3555
Kamis,25/11/2021,19:00,6666
Sabtu,25/12/2021,13:00,7012
Sabtu,25/12/2021,22:00,5130
Sabtu,25/12/2021,19:00,4354
Jumat,25/2/2022,13:00,8293
Jumat,25/2/2022,16:00,1225
Jumat,25/2/2022,19:00,9857
Jumat,25/2/2022,22:00,8424
Jumat,25/3/2022,13:00,8294
Jumat,25/3/2022,16:00,1034
Jumat,25/3/2022,19:00,9824
Jumat,25/3/2022,22:00,8489
Senin,25/4/2022,13:00,4276
Senin,25/4/2022,22:00,9651
Senin,25/4/2022,19:00,1582
Rabu,25/5/2022,16:00,2530
Rabu,25/5/2022,22:00,7215
Sabtu,25/6/2022,13:00,8930
Sabtu,25/6/2022,19:00,7372
Sabtu,25/6/2022,22:00,8735
Senin,26/07/2021,19:00,7154
Senin,26/07/2021,13:00,3492
Senin,26/07/2021,22:00,8168
Senin,26/07/2021,16:00,5989
Selasa,26/07/2022,19:00,7074
Selasa,26/07/2022,13:00,1078
Selasa,26/07/2022,22:00,8776
Selasa,26/07/2022,16:00,1721
Kamis,26/08/2021,13:00,1941
Kamis,26/08/2021,16:00,8098
Kamis,26/08/2021,22:00,7646
Minggu,26/09/2021,22:00,8006
Minggu,26/09/2021,13:00,7185
Rabu,26/1/2022,19:00,5258
Rabu,26/1/2022,13:00,8393
Selasa,26/10/2021,19:00,2567
Selasa,26/10/2021,22:00,8598
Selasa,26/10/2021,13:00,1048
Selasa,26/10/2021,16:00,5458
Jumat,26/11/2021,13:00,4787
Jumat,26/11/2021,22:00,1596
Jumat,26/11/2021,19:00,8216
Jumat,26/11/2021,16:00,7637
Minggu,26/12/2021,19:00,7614
Minggu,26/12/2021,13:00,5816
Minggu,26/12/2021,22:00,7692
Minggu,26/12/2021,16:00,4337
Sabtu,26/2/2022,19:00,1583
Sabtu,26/2/2022,13:00,8796
Sabtu,26/2/2022,22:00,1896
Sabtu,26/3/2022,22:00,8055
Sabtu,26/3/2022,16:00,8933
Sabtu,26/3/2022,19:00,2388
Sabtu,26/3/2022,13:00,4774
Selasa,26/4/2022,19:00,2579
Selasa,26/4/2022,22:00,9758
Selasa,26/4/2022,16:00,5399
Kamis,26/5/2022,16:00,9802
Kamis,26/5/2022,19:00,5365
Kamis,26/5/2022,22:00,7103
Kamis,26/5/2022,13:00,2558
Minggu,26/6/2022,19:00,6935
Minggu,26/6/2022,16:00,4926
Selasa,27/07/2021,22:00,2431
Selasa,27/07/2021,19:00,4259
Selasa,27/07/2021,13:00,8127
Selasa,27/07/2021,16:00,3007
Rabu,27/07/2022,16:00,8179
Rabu,27/07/2022,19:00,6381
Rabu,27/07/2022,22:00,9173
Rabu,27/07/2022,13:00,9349
Jumat,27/08/2021,19:00,4312
Jumat,27/08/2021,22:00,4049
Jumat,27/08/2021,13:00,2918
Jumat,27/08/2021,16:00,5602
Senin,27/09/2021,13:00,9142
Senin,27/09/2021,22:00,6346
Senin,27/09/2021,19:00,8030
Senin,27/09/2021,16:00,1642
Kamis,27/1/2022,16:00,6456
Kamis,27/1/2022,13:00,9984
Rabu,27/10/2021,19:00,8397
Rabu,27/10/2021,16:00,4591
Rabu,27/10/2021,13:00,6556
Rabu,27/10/2021,22:00,4938
Sabtu,27/11/2021,13:00,1963
Sabtu,27/11/2021,16:00,8245
Sabtu,27/11/2021,19:00,9852
Sabtu,27/11/2021,22:00,1001
Senin,27/12/2021,13:00,6003
Senin,27/12/2021,22:00,9577
Senin,27/12/2021,16:00,3824
Senin,27/12/2021,19:00,3500
Minggu,27/2/2022,13:00,1631
Minggu,27/2/2022,22:00,8762
Minggu,27/2/2022,16:00,1030
Minggu,27/2/2022,19:00,8398
Minggu,27/3/2022,16:00,5928
Minggu,27/3/2022,13:00,3042
Minggu,27/3/2022,22:00,3470
Rabu,27/4/2022,19:00,6795
Rabu,27/4/2022,16:00,3470
Rabu,27/4/2022,13:00,3662
Jumat,27/5/2022,19:00,6567
Jumat,27/5/2022,16:00,3746
Jumat,27/5/2022,13:00,9312
Jumat,27/5/2022,22:00,8317
Senin,27/6/2022,19:00,3701
Senin,27/6/2022,16:00,3422
Senin,27/6/2022,22:00,9673
Rabu,28/07/2021,13:00,8127
Rabu,28/07/2021,22:00,4576
Rabu,28/07/2021,16:00,3609
Rabu,28/07/2021,19:00,9445
Kamis,28/07/2022,19:00,6289
Kamis,28/07/2022,13:00,9681
Kamis,28/07/2022,16:00,8315
Sabtu,28/08/2021,13:00,8036
Sabtu,28/08/2021,22:00,7619
Sabtu,28/08/2021,19:00,6927
Sabtu,28/08/2021,16:00,4220
Selasa,28/09/2021,19:00,1673
Selasa,28/09/2021,22:00,5196
Selasa,28/09/2021,13:00,6324
Jumat,28/1/2022,16:00,6918
Jumat,28/1/2022,13:00,8865
Jumat,28/1/2022,22:00,1557
Kamis,28/10/2021,13:00,5890
Kamis,28/10/2021,16:00,4630
Kamis,28/10/2021,22:00,1191
Kamis,28/10/2021,19:00,4459
Minggu,28/11/2021,16:00,9336
Minggu,28/11/2021,13:00,8271
Minggu,28/11/2021,22:00,8130
Selasa,28/12/2021,19:00,8661
Selasa,28/12/2021,16:00,2582
Selasa,28/12/2021,22:00,9464
Selasa,28/12/2021,13:00,1071
Senin,28/2/2022,22:00,2503
Senin,28/3/2022,13:00,3245
Senin,28/3/2022,16:00,2681
Senin,28/3/2022,22:00,9561
Senin,28/3/2022,19:00,5962
Kamis,28/4/2022,16:00,3387
Kamis,28/4/2022,22:00,1016
Kamis,28/4/2022,19:00,2163
Kamis,28/4/2022,13:00,3567
Sabtu,28/5/2022,22:00,1020
Sabtu,28/5/2022,16:00,7554
Sabtu,28/5/2022,13:00,6955
Sabtu,28/5/2022,19:00,6051
Selasa,28/6/2022,13:00,4926
Selasa,28/6/2022,22:00,6574
Selasa,28/6/2022,19:00,7762
Kamis,29/07/2021,13:00,5297
Kamis,29/07/2021,22:00,7037
Kamis,29/07/2021,16:00,3169
Jumat,29/07/2022,16:00,7131
Jumat,29/07/2022,19:00,4867
Jumat,29/07/2022,13:00,9437
Jumat,29/07/2022,22:00,3561
Minggu,29/08/2021,13:00,7553
Minggu,29/08/2021,16:00,7344
Minggu,29/08/2021,19:00,3516
Minggu,29/08/2021,22:00,4237
Rabu,29/09/2021,13:00,8507
Rabu,29/09/2021,16:00,3985
Rabu,29/09/2021,22:00,5803
Rabu,29/09/2021,19:00,1520
Sabtu,29/1/2022,13:00,4135
Sabtu,29/1/2022,16:00,8430
Sabtu,29/1/2022,22:00,5710
Sabtu,29/1/2022,19:00,6576
Jumat,29/10/2021,16:00,1635
Jumat,29/10/2021,19:00,1635
Jumat,29/10/2021,13:00,4790
Jumat,29/10/2021,22:00,5426
Senin,29/11/2021,22:00,1512
Senin,29/11/2021,13:00,7250
Senin,29/11/2021,16:00,2713
Rabu,29/12/2021,16:00,2677
Rabu,29/12/2021,22:00,3653
Rabu,29/12/2021,13:00,6316
Rabu,29/12/2021,19:00,8792
Selasa,29/3/2022,13:00,5976
Selasa,29/3/2022,22:00,8988
Selasa,29/3/2022,19:00,3558
Selasa,29/3/2022,16:00,7611
Jumat,29/4/2022,16:00,6925
Jumat,29/4/2022,22:00,9539
Jumat,29/4/2022,13:00,4499
Jumat,29/4/2022,19:00,8781
Minggu,29/5/2022,13:00,9691
Minggu,29/5/2022,22:00,1421
Minggu,29/5/2022,16:00,4023
Rabu,29/6/2022,16:00,1833
Rabu,29/6/2022,22:00,6287
Rabu,29/6/2022,13:00,2465
Rabu,29/6/2022,19:00,2108
Jumat,30/07/2021,16:00,3503
Jumat,30/07/2021,13:00,9500
Jumat,30/07/2021,19:00,1483
Jumat,30/07/2021,22:00,3638
Sabtu,30/07/2022,13:00,1855
Sabtu,30/07/2022,19:00,9797
Sabtu,30/07/2022,22:00,2102
Sabtu,30/07/2022,16:00,3644
Senin,30/08/2021,13:00,1015
Senin,30/08/2021,16:00,6940
Senin,30/08/2021,19:00,9119
Senin,30/08/2021,22:00,7214
Kamis,30/09/2021,22:00,8820
Kamis,30/09/2021,13:00,4110
Kamis,30/09/2021,16:00,6017
Kamis,30/09/2021,19:00,4646
Minggu,30/1/2022,16:00,2438
Minggu,30/1/2022,22:00,4875
Minggu,30/1/2022,19:00,2205
Sabtu,30/10/2021,22:00,3814
Sabtu,30/10/2021,19:00,2145
Sabtu,30/10/2021,13:00,1790
Sabtu,30/10/2021,16:00,6956
Selasa,30/11/2021,19:00,1852
Selasa,30/11/2021,16:00,6316
Selasa,30/11/2021,22:00,5834
Kamis,30/12/2021,13:00,8143
Kamis,30/12/2021,19:00,6289
Kamis,30/12/2021,22:00,8862
Rabu,30/3/2022,16:00,6003
Rabu,30/3/2022,22:00,8822
Rabu,30/3/2022,13:00,9448
Rabu,30/3/2022,19:00,4176
Sabtu,30/4/2022,16:00,6887
Sabtu,30/4/2022,19:00,9387
Sabtu,30/4/2022,13:00,8610
Senin,30/5/2022,19:00,9245
Senin,30/5/2022,13:00,7147
Senin,30/5/2022,22:00,2253
Kamis,30/6/2022,13:00,6026
Kamis,30/6/2022,16:00,7792
Kamis,30/6/2022,22:00,5212
Kamis,30/6/2022,19:00,1860
Sabtu,31/07/2021,13:00,3472
Sabtu,31/07/2021,19:00,5971
Sabtu,31/07/2021,22:00,7842
Sabtu,31/07/2021,16:00,1167
Minggu,31/07/2022,22:00,1757
Minggu,31/07/2022,13:00,8987
Minggu,31/07/2022,19:00,8639
Minggu,31/07/2022,16:00,6764
Selasa,31/08/2021,16:00,3316
Selasa,31/08/2021,19:00,1171
Selasa,31/08/2021,13:00,2781
Selasa,31/08/2021,22:00,1252
Senin,31/1/2022,16:00,7528
Senin,31/1/2022,19:00,6507
Senin,31/1/2022,13:00,5420
Senin,31/1/2022,22:00,1542
Minggu,31/10/2021,19:00,9413
Minggu,31/10/2021,13:00,3997
Minggu,31/10/2021,22:00,9985
Jumat,31/12/2021,22:00,2143
Jumat,31/12/2021,19:00,8920
Jumat,31/12/2021,16:00,1933
Jumat,31/12/2021,13:00,4183
Kamis,31/3/2022,19:00,6087
Kamis,31/3/2022,13:00,6534
Kamis,31/3/2022,16:00,8480
Kamis,31/3/2022,22:00,4108
Selasa,31/5/2022,16:00,7187
Selasa,31/5/2022,19:00,5380
Selasa,31/5/2022,13:00,8961
Selasa,31/5/2022,22:00,6737
Minggu,01/01/2023,24:00,3576
Minggu,01/01/2023,22:00,1003
Minggu,01/01/2023,19:00,4342
Minggu,01/01/2023,13:00,3644
Minggu,01/01/2023,16:00,1832
Kamis,01/09/2022,24:00,8936
Kamis,01/09/2022,22:00,9222
Kamis,01/09/2022,19:00,9169
Kamis,01/09/2022,13:00,5811
Kamis,01/09/2022,16:00,6662
Sabtu,01/10/2022,16:00,2228
Sabtu,01/10/2022,24:00,6811
Sabtu,01/10/2022,22:00,3274
Sabtu,01/10/2022,13:00,9469
Selasa,01/11/2022,24:00,5670
Selasa,01/11/2022,16:00,2609
Selasa,01/11/2022,19:00,2294
Selasa,01/11/2022,22:00,4017
Selasa,01/11/2022,13:00,6464
Kamis,01/12/2022,22:00,6135
Kamis,01/12/2022,13:00,2553
Kamis,01/12/2022,16:00,3326
Kamis,01/12/2022,24:00,3334
Kamis,01/12/2022,19:00,5920
Senin,02/01/2023,19:00,5410
Senin,02/01/2023,16:00,7821
Senin,02/01/2023,24:00,7775
Jumat,02/09/2022,19:00,1641
Jumat,02/09/2022,13:00,1300
Jumat,02/09/2022,24:00,8999
Jumat,02/09/2022,22:00,3463
Jumat,02/09/2022,16:00,5704
Minggu,02/10/2022,24:00,2839
Minggu,02/10/2022,13:00,3703
Minggu,02/10/2022,19:00,5430
Minggu,02/10/2022,22:00,9720
Rabu,02/11/2022,16:00,8976
Rabu,02/11/2022,22:00,3206
Rabu,02/11/2022,13:00,5504
Rabu,02/11/2022,24:00,8775
Rabu,02/11/2022,19:00,3716
Jumat,02/12/2022,13:00,4100
Jumat,02/12/2022,16:00,5205
Jumat,02/12/2022,24:00,4272
Jumat,02/12/2022,19:00,2431
Jumat,02/12/2022,22:00,4370
Selasa,03/01/2023,24:00,6899
Selasa,03/01/2023,16:00,5205
Selasa,03/01/2023,22:00,1829
Selasa,03/01/2023,13:00,1473
Selasa,03/01/2023,19:00,2832
Sabtu,03/09/2022,22:00,4153
Sabtu,03/09/2022,16:00,4210
Sabtu,03/09/2022,19:00,8488
Sabtu,03/09/2022,24:00,8150
Sabtu,03/09/2022,13:00,5280
Senin,03/10/2022,13:00,1477
Senin,03/10/2022,24:00,8746
Senin,03/10/2022,16:00,6818
Senin,03/10/2022,19:00,3897
Senin,03/10/2022,22:00,3905
Kamis,03/11/2022,13:00,6817
Kamis,03/11/2022,19:00,5146
Kamis,03/11/2022,24:00,4439
Kamis,03/11/2022,22:00,6482
Sabtu,03/12/2022,16:00,4561
Sabtu,03/12/2022,13:00,4037
Sabtu,03/12/2022,24:00,9326
Sabtu,03/12/2022,22:00,3873
Rabu,04/01/2023,24:00,1578
Rabu,04/01/2023,16:00,2981
Rabu,04/01/2023,19:00,7604
Rabu,04/01/2023,22:00,2825
Rabu,04/01/2023,13:00,3303
Minggu,04/09/2022,24:00,1772
Minggu,04/09/2022,13:00,8594
Minggu,04/09/2022,16:00,1624
Minggu,04/09/2022,19:00,5313
Minggu,04/09/2022,22:00,8308
Selasa,04/10/2022,22:00,9039
Selasa,04/10/2022,16:00,9597
Selasa,04/10/2022,13:00,5683
Selasa,04/10/2022,19:00,4532
Selasa,04/10/2022,24:00,2504
Jumat,04/11/2022,19:00,1429
Jumat,04/11/2022,22:00,3798
Jumat,04/11/2022,13:00,4129
Jumat,04/11/2022,16:00,5507
Minggu,04/12/2022,22:00,2327
Minggu,04/12/2022,13:00,7684
Minggu,04/12/2022,16:00,6431
Minggu,04/12/2022,19:00,1211
Kamis,05/01/2023,16:00,5745
Kamis,05/01/2023,22:00,5582
Kamis,05/01/2023,24:00,7739
Kamis,05/01/2023,13:00,3637
Kamis,05/01/2023,19:00,3939
Senin,05/09/2022,13:00,3135
Senin,05/09/2022,19:00,5991
Senin,05/09/2022,22:00,7521
Senin,05/09/2022,24:00,4827
Senin,05/09/2022,16:00,8521
Rabu,05/10/2022,19:00,2946
Rabu,05/10/2022,24:00,7004
Rabu,05/10/2022,13:00,9919
Rabu,05/10/2022,22:00,4579
Rabu,05/10/2022,16:00,3334
Sabtu,05/11/2022,22:00,4779
Sabtu,05/11/2022,16:00,5701
Sabtu,05/11/2022,13:00,2372
Sabtu,05/11/2022,24:00,7831
Senin,05/12/2022,22:00,3821
Senin,05/12/2022,13:00,6640
Senin,05/12/2022,16:00,2542
Senin,05/12/2022,19:00,8315
Senin,05/12/2022,24:00,5103
Jumat,06/01/2023,16:00,5093
Jumat,06/01/2023,19:00,6553
Jumat,06/01/2023,22:00,7839
Jumat,06/01/2023,24:00,2718
Jumat,06/01/2023,13:00,9612
Selasa,06/09/2022,19:00,9895
Selasa,06/09/2022,16:00,5553
Selasa,06/09/2022,24:00,2276
Selasa,06/09/2022,22:00,8923
Selasa,06/09/2022,13:00,1126
Kamis,06/10/2022,19:00,7529
Kamis,06/10/2022,13:00,9662
Kamis,06/10/2022,16:00,9653
Kamis,06/10/2022,24:00,4051
Kamis,06/10/2022,22:00,8167
Minggu,06/11/2022,22:00,5577
Minggu,06/11/2022,24:00,2574
Minggu,06/11/2022,13:00,4712
Minggu,06/11/2022,16:00,6611
Minggu,06/11/2022,19:00,6271
Selasa,06/12/2022,16:00,9649
Selasa,06/12/2022,13:00,8582
Selasa,06/12/2022,19:00,6737
Selasa,06/12/2022,22:00,4539
Selasa,06/12/2022,24:00,6260
Sabtu,07/01/2023,16:00,5083
Sabtu,07/01/2023,19:00,4736
Sabtu,07/01/2023,24:00,8455
Sabtu,07/01/2023,22:00,4853
Rabu,07/09/2022,13:00,3406
Rabu,07/09/2022,16:00,5669
Jumat,07/10/2022,24:00,4745
Jumat,07/10/2022,19:00,2590
Jumat,07/10/2022,22:00,8975
Jumat,07/10/2022,13:00,3498
Jumat,07/10/2022,16:00,4725
Senin,07/11/2022,24:00,1340
Senin,07/11/2022,13:00,9055
Senin,07/11/2022,19:00,2477
Senin,07/11/2022,22:00,6596
Rabu,07/12/2022,16:00,4568
Rabu,07/12/2022,22:00,9168
Rabu,07/12/2022,19:00,7211
Rabu,07/12/2022,24:00,4370
Rabu,07/12/2022,13:00,4715
Minggu,08/01/2023,24:00,9331
Minggu,08/01/2023,19:00,3210
Minggu,08/01/2023,16:00,6753
Minggu,08/01/2023,22:00,3030
Minggu,08/01/2023,13:00,8438
Kamis,08/09/2022,24:00,5318
Kamis,08/09/2022,22:00,7805
Kamis,08/09/2022,16:00,2253
Kamis,08/09/2022,19:00,7465
Kamis,08/09/2022,13:00,7152
Sabtu,08/10/2022,13:00,6119
Sabtu,08/10/2022,22:00,8834
Sabtu,08/10/2022,19:00,6260
Sabtu,08/10/2022,24:00,9718
Sabtu,08/10/2022,16:00,1700
Selasa,08/11/2022,16:00,6313
Selasa,08/11/2022,19:00,6914
Selasa,08/11/2022,24:00,5717
Kamis,08/12/2022,24:00,6992
Kamis,08/12/2022,19:00,9374
Kamis,08/12/2022,13:00,9729
Kamis,08/12/2022,22:00,1411
Kamis,08/12/2022,16:00,7466
Senin,09/01/2023,16:00,8590
Senin,09/01/2023,19:00,6772
Senin,09/01/2023,24:00,6343
Senin,09/01/2023,22:00,6134
Senin,09/01/2023,13:00,2543
Jumat,09/09/2022,22:00,1052
Jumat,09/09/2022,13:00,1699
Jumat,09/09/2022,19:00,5242
Jumat,09/09/2022,24:00,4163
Jumat,09/09/2022,16:00,3044
Minggu,09/10/2022,16:00,9902
Minggu,09/10/2022,22:00,4610
Minggu,09/10/2022,13:00,1842
Minggu,09/10/2022,24:00,5252
Minggu,09/10/2022,19:00,3425
Rabu,09/11/2022,13:00,6040
Rabu,09/11/2022,22:00,2990
Rabu,09/11/2022,19:00,5700
Rabu,09/11/2022,16:00,9104
Jumat,09/12/2022,13:00,5305
Jumat,09/12/2022,16:00,1558
Jumat,09/12/2022,22:00,1942
Jumat,09/12/2022,19:00,7357
Selasa,10/01/2023,19:00,2624
Selasa,10/01/2023,13:00,7128
Selasa,10/01/2023,24:00,9095
Selasa,10/01/2023,16:00,5724
Sabtu,10/09/2022,19:00,6315
Sabtu,10/09/2022,22:00,7614
Sabtu,10/09/2022,24:00,1470
Sabtu,10/09/2022,16:00,2794
Senin,10/10/2022,24:00,9593
Senin,10/10/2022,22:00,8597
Senin,10/10/2022,16:00,2088
Senin,10/10/2022,19:00,8358
Senin,10/10/2022,13:00,1936
Kamis,10/11/2022,13:00,9335
Kamis,10/11/2022,24:00,1170
Kamis,10/11/2022,19:00,4673
Kamis,10/11/2022,22:00,9945
Sabtu,10/12/2022,16:00,4003
Sabtu,10/12/2022,13:00,4944
Sabtu,10/12/2022,24:00,5617
Sabtu,10/12/2022,19:00,7776
Sabtu,10/12/2022,22:00,5212
Rabu,11/01/2023,24:00,9393
Rabu,11/01/2023,22:00,2206
Rabu,11/01/2023,16:00,2431
Rabu,11/01/2023,13:00,2886
Minggu,11/09/2022,19:00,5051
Minggu,11/09/2022,16:00,4483
Minggu,11/09/2022,13:00,1238
Minggu,11/09/2022,24:00,9122
Minggu,11/09/2022,22:00,2100
Selasa,11/10/2022,19:00,4404
Selasa,11/10/2022,16:00,3407
Selasa,11/10/2022,13:00,9054
Selasa,11/10/2022,24:00,5179
Selasa,11/10/2022,22:00,9646
Jumat,11/11/2022,24:00,4798
Jumat,11/11/2022,22:00,1606
Jumat,11/11/2022,16:00,2891
Jumat,11/11/2022,19:00,8055
Jumat,11/11/2022,13:00,5532
Minggu,11/12/2022,13:00,1415
Minggu,11/12/2022,24:00,1258
Minggu,11/12/2022,16:00,5509
Minggu,11/12/2022,22:00,6149
Minggu,11/12/2022,19:00,9174
Kamis,12/01/2023,16:00,9763
Kamis,12/01/2023,19:00,7219
Kamis,12/01/2023,13:00,6609
Kamis,12/01/2023,22:00,9465
Senin,12/09/2022,16:00,6584
Senin,12/09/2022,13:00,1530
Senin,12/09/2022,19:00,4547
Rabu,12/10/2022,22:00,6746
Rabu,12/10/2022,13:00,6318
Rabu,12/10/2022,24:00,2047
Rabu,12/10/2022,16:00,3763
Rabu,12/10/2022,19:00,5845
Sabtu,12/11/2022,13:00,8567
Sabtu,12/11/2022,19:00,8643
Sabtu,12/11/2022,16:00,2355
Sabtu,12/11/2022,22:00,9550
Senin,12/12/2022,16:00,8705
Senin,12/12/2022,19:00,9238
Senin,12/12/2022,24:00,7550
Senin,12/12/2022,13:00,1329
Jumat,13/01/2023,13:00,7885
Jumat,13/01/2023,24:00,2698
Jumat,13/01/2023,19:00,1519
Jumat,13/01/2023,16:00,6986
Jumat,13/01/2023,22:00,5872
Selasa,13/09/2022,19:00,5277
Selasa,13/09/2022,22:00,5823
Selasa,13/09/2022,13:00,4266
Selasa,13/09/2022,16:00,8143
Kamis,13/10/2022,19:00,9217
Kamis,13/10/2022,16:00,1011
Kamis,13/10/2022,13:00,4990
Kamis,13/10/2022,24:00,6864
Kamis,13/10/2022,22:00,2918
Minggu,13/11/2022,24:00,8197
Minggu,13/11/2022,16:00,6129
Minggu,13/11/2022,13:00,4837
Minggu,13/11/2022,19:00,5415
Selasa,13/12/2022,22:00,3283
Selasa,13/12/2022,19:00,8475
Selasa,13/12/2022,24:00,6388
Selasa,13/12/2022,13:00,9663
Selasa,13/12/2022,16:00,5915
Sabtu,14/01/2023,16:00,2830
Sabtu,14/01/2023,22:00,4998
Sabtu,14/01/2023,24:00,6894
Sabtu,14/01/2023,19:00,4319
Sabtu,14/01/2023,13:00,8143
Rabu,14/09/2022,19:00,3086
Rabu,14/09/2022,22:00,3376
Rabu,14/09/2022,24:00,9535
Rabu,14/09/2022,13:00,3118
Rabu,14/09/2022,16:00,9641
Jumat,14/10/2022,22:00,8929
Jumat,14/10/2022,13:00,2446
Jumat,14/10/2022,24:00,3395
Jumat,14/10/2022,19:00,3728
Jumat,14/10/2022,16:00,1352
Senin,14/11/2022,13:00,6518
Senin,14/11/2022,16:00,6086
Senin,14/11/2022,24:00,5429
Senin,14/11/2022,19:00,6250
Rabu,14/12/2022,19:00,5166
Rabu,14/12/2022,22:00,5915
Rabu,14/12/2022,24:00,5080
Minggu,15/01/2023,24:00,9284
Minggu,15/01/2023,16:00,2306
Minggu,15/01/2023,13:00,8558
Minggu,15/01/2023,19:00,9518
Minggu,15/01/2023,22:00,3736
Kamis,15/09/2022,24:00,8320
Kamis,15/09/2022,16:00,6160
Kamis,15/09/2022,19:00,7786
Kamis,15/09/2022,22:00,8698
Sabtu,15/10/2022,16:00,8020
Sabtu,15/10/2022,13:00,7772
Sabtu,15/10/2022,22:00,8176
Sabtu,15/10/2022,19:00,4664
Sabtu,15/10/2022,24:00,6477
Selasa,15/11/2022,19:00,7658
Selasa,15/11/2022,16:00,1064
Selasa,15/11/2022,22:00,7737
Selasa,15/11/2022,13:00,6857
Selasa,15/11/2022,24:00,6168
Kamis,15/12/2022,22:00,7560
Kamis,15/12/2022,19:00,5716
Kamis,15/12/2022,13:00,8340
Kamis,15/12/2022,16:00,9373
Senin,16/01/2023,22:00,1565
Senin,16/01/2023,24:00,3171
Senin,16/01/2023,13:00,2992
Senin,16/01/2023,19:00,6315
Senin,16/01/2023,16:00,6243
Jumat,16/09/2022,22:00,9661
Jumat,16/09/2022,13:00,7342
Jumat,16/09/2022,19:00,7309
Jumat,16/09/2022,16:00,4864
Jumat,16/09/2022,24:00,9229
Minggu,16/10/2022,24:00,2025
Minggu,16/10/2022,16:00,8648
Minggu,16/10/2022,13:00,7844
Minggu,16/10/2022,19:00,3658
Rabu,16/11/2022,22:00,2298
Rabu,16/11/2022,19:00,7617
Rabu,16/11/2022,13:00,9573
Rabu,16/11/2022,24:00,2121
Rabu,16/11/2022,16:00,6258
Jumat,16/12/2022,16:00,6300
Jumat,16/12/2022,24:00,5195
Jumat,16/12/2022,13:00,9803
Jumat,16/12/2022,22:00,8470
Jumat,16/12/2022,19:00,6398
Sabtu,17/09/2022,16:00,1269
Sabtu,17/09/2022,19:00,6650
Sabtu,17/09/2022,24:00,8701
Sabtu,17/09/2022,13:00,5408
Sabtu,17/09/2022,22:00,7670
Senin,17/10/2022,19:00,3957
Senin,17/10/2022,22:00,1076
Senin,17/10/2022,24:00,5661
Kamis,17/11/2022,22:00,4343
Kamis,17/11/2022,13:00,3770
Kamis,17/11/2022,24:00,8807
Kamis,17/11/2022,19:00,1460
Kamis,17/11/2022,16:00,6226
Sabtu,17/12/2022,24:00,7890
Sabtu,17/12/2022,22:00,5183
Sabtu,17/12/2022,16:00,5060
Sabtu,17/12/2022,13:00,1220
Sabtu,17/12/2022,19:00,2926
Kamis,18/08/2022,13:00,5637
Kamis,18/08/2022,19:00,8268
Kamis,18/08/2022,16:00,7397
Kamis,18/08/2022,22:00,4444
Kamis,18/08/2022,24:00,3732
Minggu,18/09/2022,24:00,4629
Minggu,18/09/2022,13:00,7156
Minggu,18/09/2022,19:00,8696
Minggu,18/09/2022,16:00,1359
Selasa,18/10/2022,24:00,8668
Selasa,18/10/2022,22:00,6051
Selasa,18/10/2022,19:00,5112
Selasa,18/10/2022,16:00,3310
Selasa,18/10/2022,13:00,4582
Jumat,18/11/2022,22:00,2428
Jumat,18/11/2022,16:00,1532
Minggu,18/12/2022,22:00,9013
Minggu,18/12/2022,16:00,5012
Minggu,18/12/2022,13:00,4467
Jumat,19/08/2022,19:00,5360
Jumat,19/08/2022,22:00,9593
Jumat,19/08/2022,13:00,9156
Jumat,19/08/2022,24:00,8101
Jumat,19/08/2022,16:00,8760
Senin,19/09/2022,16:00,3458
Senin,19/09/2022,24:00,9778
Senin,19/09/2022,22:00,6936
Senin,19/09/2022,19:00,2553
Rabu,19/10/2022,22:00,6513
Rabu,19/10/2022,13:00,3229
Rabu,19/10/2022,16:00,9455
Rabu,19/10/2022,19:00,2450
Rabu,19/10/2022,24:00,8026
Sabtu,19/11/2022,19:00,8455
Sabtu,19/11/2022,24:00,9974
Sabtu,19/11/2022,22:00,9186
Sabtu,19/11/2022,13:00,4473
Sabtu,19/11/2022,16:00,8654
Senin,19/12/2022,22:00,2886
Senin,19/12/2022,13:00,6733
Senin,19/12/2022,16:00,9163
Senin,19/12/2022,24:00,3432
Senin,19/12/2022,19:00,2311
Sabtu,20/08/2022,24:00,6438
Sabtu,20/08/2022,16:00,1657
Sabtu,20/08/2022,19:00,5428
Sabtu,20/08/2022,22:00,9192
Sabtu,20/08/2022,13:00,5355
Selasa,20/09/2022,19:00,5124
Selasa,20/09/2022,22:00,9468
Selasa,20/09/2022,16:00,1116
Selasa,20/09/2022,13:00,9390
Kamis,20/10/2022,19:00,9170
Kamis,20/10/2022,13:00,1958
Kamis,20/10/2022,16:00,5650
Kamis,20/10/2022,22:00,1885
Minggu,20/11/2022,19:00,3750
Minggu,20/11/2022,13:00,7642
Minggu,20/11/2022,22:00,6972
Selasa,20/12/2022,19:00,2521
Selasa,20/12/2022,24:00,5134
Selasa,20/12/2022,16:00,8206
Selasa,20/12/2022,13:00,4182
Selasa,20/12/2022,22:00,4927
Minggu,21/08/2022,22:00,8535
Minggu,21/08/2022,24:00,7567
Minggu,21/08/2022,19:00,7063
Minggu,21/08/2022,16:00,5130
Minggu,21/08/2022,13:00,3960
Rabu,21/09/2022,22:00,7053
Rabu,21/09/2022,19:00,9830
Rabu,21/09/2022,16:00,9975
Rabu,21/09/2022,13:00,7121
Rabu,21/09/2022,24:00,5779
Jumat,21/10/2022,13:00,9379
Jumat,21/10/2022,16:00,6541
Jumat,21/10/2022,22:00,1316
Jumat,21/10/2022,24:00,8409
Senin,21/11/2022,19:00,1502
Senin,21/11/2022,24:00,2715
Senin,21/11/2022,22:00,4860
Senin,21/11/2022,13:00,4521
Senin,21/11/2022,16:00,4409
Rabu,21/12/2022,16:00,5676
Rabu,21/12/2022,19:00,4337
Rabu,21/12/2022,22:00,9077
Rabu,21/12/2022,24:00,7424
Senin,22/08/2022,16:00,2399
Senin,22/08/2022,22:00,6027
Senin,22/08/2022,24:00,6453
Senin,22/08/2022,19:00,2021
Senin,22/08/2022,13:00,4328
Kamis,22/09/2022,13:00,7583
Kamis,22/09/2022,24:00,1129
Kamis,22/09/2022,22:00,4961
Kamis,22/09/2022,19:00,4919
Kamis,22/09/2022,16:00,6150
Sabtu,22/10/2022,19:00,1007
Sabtu,22/10/2022,24:00,6848
Selasa,22/11/2022,24:00,6333
Selasa,22/11/2022,13:00,9330
Selasa,22/11/2022,16:00,9097
Kamis,22/12/2022,19:00,8851
Kamis,22/12/2022,24:00,2980
Kamis,22/12/2022,22:00,2667
Kamis,22/12/2022,16:00,2025
Selasa,23/08/2022,13:00,6535
Selasa,23/08/2022,16:00,4671
Selasa,23/08/2022,24:00,3087
Selasa,23/08/2022,22:00,2889
Selasa,23/08/2022,19:00,9282
Jumat,23/09/2022,19:00,4653
Jumat,23/09/2022,22:00,3186
Jumat,23/09/2022,24:00,6324
Jumat,23/09/2022,16:00,1852
Jumat,23/09/2022,13:00,4219
Minggu,23/10/2022,16:00,5060
Minggu,23/10/2022,22:00,5223
Minggu,23/10/2022,19:00,3014
Minggu,23/10/2022,24:00,7668
Minggu,23/10/2022,13:00,9615
Rabu,23/11/2022,19:00,9896
Rabu,23/11/2022,16:00,3083
Rabu,23/11/2022,13:00,3529
Rabu,23/11/2022,24:00,2639
Rabu,23/11/2022,22:00,9178
Jumat,23/12/2022,16:00,3882
Jumat,23/12/2022,13:00,2922
Jumat,23/12/2022,22:00,9499
Jumat,23/12/2022,24:00,5510
Jumat,23/12/2022,19:00,8800
Rabu,24/08/2022,22:00,2321
Rabu,24/08/2022,13:00,8703
Rabu,24/08/2022,24:00,5968
Rabu,24/08/2022,16:00,1412
Rabu,24/08/2022,19:00,9043
Sabtu,24/09/2022,19:00,5611
Sabtu,24/09/2022,24:00,3025
Sabtu,24/09/2022,22:00,4081
Sabtu,24/09/2022,16:00,4840
Senin,24/10/2022,13:00,4019
Senin,24/10/2022,24:00,3161
Senin,24/10/2022,22:00,2509
Senin,24/10/2022,16:00,9596
Senin,24/10/2022,19:00,7233
Kamis,24/11/2022,19:00,4214
Kamis,24/11/2022,22:00,3181
Kamis,24/11/2022,13:00,4014
Kamis,24/11/2022,16:00,6268
Kamis,24/11/2022,24:00,9304
Sabtu,24/12/2022,24:00,8972
Sabtu,24/12/2022,22:00,7668
Sabtu,24/12/2022,16:00,9016
Sabtu,24/12/2022,19:00,9757
Kamis,25/08/2022,24:00,5369
Kamis,25/08/2022,13:00,4880
Kamis,25/08/2022,22:00,1366
Kamis,25/08/2022,19:00,2116
Kamis,25/08/2022,16:00,9936
Minggu,25/09/2022,19:00,7221
Minggu,25/09/2022,24:00,1666
Minggu,25/09/2022,16:00,6586
Minggu,25/09/2022,22:00,8092
Minggu,25/09/2022,13:00,9554
Selasa,25/10/2022,24:00,4594
Selasa,25/10/2022,16:00,6435
Selasa,25/10/2022,19:00,2678
Jumat,25/11/2022,22:00,9194
Jumat,25/11/2022,24:00,7895
Jumat,25/11/2022,19:00,6290
Jumat,25/11/2022,13:00,1026
Jumat,25/11/2022,16:00,9563
Minggu,25/12/2022,16:00,9613
Minggu,25/12/2022,19:00,6208
Minggu,25/12/2022,24:00,9276
Minggu,25/12/2022,13:00,1849
Jumat,26/08/2022,22:00,9706
Jumat,26/08/2022,19:00,6697
Jumat,26/08/2022,13:00,9230
Jumat,26/08/2022,24:00,5539
Senin,26/09/2022,24:00,4184
Senin,26/09/2022,13:00,2449
Senin,26/09/2022,22:00,3651
Senin,26/09/2022,16:00,7716
Senin,26/09/2022,19:00,6974
Rabu,26/10/2022,13:00,6006
Rabu,26/10/2022,24:00,7282
Rabu,26/10/2022,16:00,4441
Rabu,26/10/2022,22:00,4587
Rabu,26/10/2022,19:00,4422
Sabtu,26/11/2022,13:00,4403
Sabtu,26/11/2022,24:00,6523
Sabtu,26/11/2022,19:00,9149
Sabtu,26/11/2022,22:00,2638
Senin,26/12/2022,16:00,8597
Senin,26/12/2022,22:00,4262
Senin,26/12/2022,13:00,5134
Senin,26/12/2022,24:00,3551
Sabtu,27/08/2022,22:00,2924
Sabtu,27/08/2022,13:00,5937
Sabtu,27/08/2022,16:00,3922
Sabtu,27/08/2022,24:00,7286
Selasa,27/09/2022,22:00,8278
Selasa,27/09/2022,13:00,3684
Selasa,27/09/2022,24:00,8261
Selasa,27/09/2022,19:00,1332
Selasa,27/09/2022,16:00,7828
Kamis,27/10/2022,13:00,2530
Kamis,27/10/2022,16:00,8863
Kamis,27/10/2022,24:00,5213
Kamis,27/10/2022,19:00,9702
Minggu,27/11/2022,19:00,8870
Minggu,27/11/2022,22:00,3051
Minggu,27/11/2022,16:00,1838
Minggu,27/11/2022,24:00,1747
Minggu,27/11/2022,13:00,3370
Selasa,27/12/2022,24:00,9120
Selasa,27/12/2022,13:00,4170
Selasa,27/12/2022,22:00,3611
Selasa,27/12/2022,16:00,7498
Selasa,27/12/2022,19:00,6995
Minggu,28/08/2022,13:00,7116
Minggu,28/08/2022,22:00,2819
Minggu,28/08/2022,19:00,9450
Minggu,28/08/2022,16:00,7677
Minggu,28/08/2022,24:00,1192
Rabu,28/09/2022,19:00,1434
Rabu,28/09/2022,22:00,5568
Rabu,28/09/2022,24:00,5416
Rabu,28/09/2022,16:00,3878
Rabu,28/09/2022,13:00,6417
Jumat,28/10/2022,24:00,8374
Jumat,28/10/2022,19:00,2833
Jumat,28/10/2022,16:00,6192
Jumat,28/10/2022,22:00,9622
Senin,28/11/2022,22:00,4515
Senin,28/11/2022,19:00,9629
Senin,28/11/2022,24:00,7942
Senin,28/11/2022,16:00,7904
Senin,28/11/2022,13:00,2280
Rabu,28/12/2022,19:00,2287
Rabu,28/12/2022,24:00,3274
Rabu,28/12/2022,13:00,4759
Rabu,28/12/2022,22:00,4601
Senin,29/08/2022,16:00,5528
Senin,29/08/2022,22:00,9233
Senin,29/08/2022,13:00,2265
Senin,29/08/2022,24:00,8329
Senin,29/08/2022,19:00,6805
Kamis,29/09/2022,19:00,3697
Kamis,29/09/2022,24:00,1228
Kamis,29/09/2022,16:00,7030
Kamis,29/09/2022,22:00,8214
Kamis,29/09/2022,13:00,3484
Sabtu,29/10/2022,19:00,9886
Sabtu,29/10/2022,13:00,4002
Sabtu,29/10/2022,16:00,4553
Sabtu,29/10/2022,24:00,5525
Selasa,29/11/2022,24:00,4696
Selasa,29/11/2022,13:00,7169
Selasa,29/11/2022,22:00,5093
Selasa,29/11/2022,16:00,1393
Selasa,29/11/2022,19:00,8197
Kamis,29/12/2022,19:00,6011
Kamis,29/12/2022,24:00,7211
Kamis,29/12/2022,22:00,4071
Kamis,29/12/2022,13:00,3202
Selasa,30/08/2022,13:00,4567
Selasa,30/08/2022,22:00,9668
Selasa,30/08/2022,24:00,1171
Selasa,30/08/2022,19:00,7287
Selasa,30/08/2022,16:00,8743
Jumat,30/09/2022,24:00,9139
Jumat,30/09/2022,16:00,9058
Jumat,30/09/2022,19:00,1880
Jumat,30/09/2022,13:00,2225
Jumat,30/09/2022,22:00,7293
Minggu,30/10/2022,16:00,2380
Minggu,30/10/2022,22:00,1450
Minggu,30/10/2022,13:00,4557
Minggu,30/10/2022,19:00,7420
Rabu,30/11/2022,16:00,8128
Rabu,30/11/2022,22:00,2172
Rabu,30/11/2022,19:00,4393
Rabu,30/11/2022,13:00,7232
Jumat,30/12/2022,16:00,5942
Jumat,30/12/2022,19:00,3552
Jumat,30/12/2022,22:00,9171
Jumat,30/12/2022,13:00,8802
Rabu,31/08/2022,22:00,8471
Rabu,31/08/2022,16:00,7800
Rabu,31/08/2022,19:00,1182
Rabu,31/08/2022,13:00,8066
Senin,31/10/2022,13:00,9650
Senin,31/10/2022,19:00,5358
Senin,31/10/2022,22:00,1629
Senin,31/10/2022,16:00,3028
Senin,31/10/2022,24:00,2756
Sabtu,31/12/2022,13:00,3245
Sabtu,31/12/2022,19:00,9717
Sabtu,31/12/2022,22:00,6593
Sabtu,31/12/2022,16:00,7500
Selasa,17/01/2023,13:00,6603
Selasa,17/01/2023,16:00,3596
Selasa,17/01/2023,19:00,9349
Selasa,17/01/2023,22:00,8991
Selasa,17/01/2023,24:00,6382
Rabu,18/01/2023,13:00,2287
Rabu,18/01/2023,16:00,7528
